{
  "total_instances": 34,
  "finished": 34,
  "failed": 0,
  "errors": 0,
  "skipped": 0,
  "avg_files_found": 2.6176470588235294,
  "avg_modules_found": 4.147058823529412,
  "avg_entities_found": 4.4411764705882355
}